pemda,nama_pemda,jenis_pemda,risiko_defisit,risiko_mandatory_spending,risiko_keselarasan,cluster
KAB KONAWE KEPULAUAN,KAB KONAWE KEPULAUAN,KABUPATEN,100.19276806005341,10.126855673501073,14.151496918683016,1
KAB MOROWALI UTARA,KAB MOROWALI UTARA,KABUPATEN,101.55807133429802,0.0,21.73964777482002,1
KAB MUSI RAWAS UTARA,KAB MUSI RAWAS UTARA,KABUPATEN,103.45182558062953,0.0,15.969131576054323,1
ACEH BARAT,KAB. ACEH BARAT,KABUPATEN,104.10204361159774,6.075783969025052,21.000486097935063,1
ACEH BARAT DAYA,KAB. ACEH BARAT DAYA,KABUPATEN,111.28455608682613,6.857150148972158,19.60359003577952,1
ACEH BESAR,KAB. ACEH BESAR,KABUPATEN,105.46606290884901,7.285982054539282,19.140582502684687,1
ACEH JAYA,KAB. ACEH JAYA,KABUPATEN,102.55488785234176,9.982984533252555,21.310353857699425,1
ACEH SELATAN,KAB. ACEH SELATAN,KABUPATEN,101.38442244900105,7.39938191105681,22.84008742163926,1
ACEH SINGKIL,KAB. ACEH SINGKIL,KABUPATEN,100.56222298510691,8.966343429806482,21.16036820957789,1
ACEH TAMIANG,KAB. ACEH TAMIANG,KABUPATEN,100.57510825393076,6.45392706419665,21.406627860139587,1
ACEH TENGAH,KAB. ACEH TENGAH,KABUPATEN,104.55948152702457,5.7014759778666475,20.525873691376745,1
ACEH TENGGARA,KAB. ACEH TENGGARA,KABUPATEN,104.12045652952129,6.825985618516776,19.249930973399238,1
ACEH TIMUR,KAB. ACEH TIMUR,KABUPATEN,100.0,6.400314110013072,22.931100144771268,1
ACEH UTARA,KAB. ACEH UTARA,KABUPATEN,100.86013820077689,6.781156452325442,21.17293626038232,1
AGAM,KAB. AGAM,KABUPATEN,106.41601109370656,7.099435253117709,26.76967828579763,2
ALOR,KAB. ALOR,KABUPATEN,99.62473416153227,12.441639346527078,23.028889339600525,4
ASAHAN,KAB. ASAHAN,KABUPATEN,100.92049733961261,7.101875800929744,24.54651407288705,1
ASMAT,KAB. ASMAT,KABUPATEN,100.0,10.205699523880845,16.257718185321618,1
BADUNG,KAB. BADUNG,KABUPATEN,108.81325717229105,12.540824525064721,22.151033605077394,1
BALANGAN,KAB. BALANGAN,KABUPATEN,112.26150159611133,6.215074977815383,19.785552308937845,1
BANDUNG,KAB. BANDUNG,KABUPATEN,109.1138818060321,5.020623442123187,20.37027491980289,1
BANDUNG BARAT,KAB. BANDUNG BARAT,KABUPATEN,107.34984113041928,9.790162635997886,21.754244746662494,1
BANGGAI,KAB. BANGGAI,KABUPATEN,102.58653238169764,7.4659798555147265,18.66878660015739,1
BANGGAI KEPULAUAN,KAB. BANGGAI KEPULAUAN,KABUPATEN,105.11451745425045,6.07286377650684,19.94706748912444,1
BANGGAI LAUT,KAB. BANGGAI LAUT,KABUPATEN,99.50143621096376,4.677691386879207,18.66854110323227,1
BANGKA,KAB. BANGKA,KABUPATEN,111.5968212244668,7.95512498289836,22.88690272174239,1
BANGKA BARAT,KAB. BANGKA BARAT,KABUPATEN,114.90618653539669,9.02876370122866,20.57762901719024,1
BANGKA SELATAN,KAB. BANGKA SELATAN,KABUPATEN,104.84772250095187,0.0,23.267919362923443,1
BANGKA TENGAH,KAB. BANGKA TENGAH,KABUPATEN,106.29204964267782,9.364691571401352,25.144661514452626,4
BANGKALAN,KAB. BANGKALAN,KABUPATEN,107.79709193138555,7.631334278259901,20.095733171628787,1
BANGLI,KAB. BANGLI,KABUPATEN,0.0,0.0,25.53082728586387,1
BANJAR,KAB. BANJAR,KABUPATEN,114.6008479512307,5.24028618348532,27.608082579893562,0
BANJARNEGARA,KAB. BANJARNEGARA,KABUPATEN,103.92985425358926,7.4599646886578235,22.728919289096908,1
BANTAENG,KAB. BANTAENG,KABUPATEN,99.86378632979505,8.611705670286025,23.392292212950668,1
BANTUL,KAB. BANTUL,KABUPATEN,104.88167763349472,10.18689002987525,18.32101005838461,1
BANYUASIN,KAB. BANYUASIN,KABUPATEN,94.35839275923853,8.444293838036865,19.19404396515617,1
BANYUMAS,KAB. BANYUMAS,KABUPATEN,0.0,0.0,22.329256980944123,1
BANYUWANGI,KAB. BANYUWANGI,KABUPATEN,100.5351219770247,8.805801385694679,19.866155880664998,1
BARITO KUALA,KAB. BARITO KUALA,KABUPATEN,101.83045081104956,7.948431902446828,23.771764779422345,1
BARITO SELATAN,KAB. BARITO SELATAN,KABUPATEN,0.0,0.0,21.866155011320956,1
BARITO TIMUR,KAB. BARITO TIMUR,KABUPATEN,104.3704441379148,5.643252616038599,21.420942108390697,1
BARITO UTARA,KAB. BARITO UTARA,KABUPATEN,103.95541839084848,9.189792324125015,22.11448121933674,1
BARRU,KAB. BARRU,KABUPATEN,100.81834365859301,9.899489001851517,28.86299924749859,4
BATANG,KAB. BATANG,KABUPATEN,103.38986957770344,9.227471733125977,23.75441801770294,1
BATANGHARI,KAB. BATANGHARI,KABUPATEN,0.0,0.0,21.213420020502816,1
BATU BARA,KAB. BATU BARA,KABUPATEN,112.43978102037266,7.410423384527604,20.607512093938006,1
BEKASI,KAB. BEKASI,KABUPATEN,115.41516937714236,11.502266953035866,21.336002005059512,0
BELITUNG,KAB. BELITUNG,KABUPATEN,112.58573536548744,7.8483397916238555,24.462819822479346,0
BELITUNG TIMUR,KAB. BELITUNG TIMUR,KABUPATEN,111.42342947288692,8.02617377330238,24.507259063806316,0
BELU,KAB. BELU,KABUPATEN,103.24204006812458,11.345093504295956,24.926483950958787,4
BENER MERIAH,KAB. BENER MERIAH,KABUPATEN,100.79550637229629,6.026704477450004,19.127816690773884,1
BENGKALIS,KAB. BENGKALIS,KABUPATEN,114.97809783430985,7.412786076453019,16.607833013119432,1
BENGKAYANG,KAB. BENGKAYANG,KABUPATEN,124.93619480398212,8.174582255908742,19.46548374216437,0
BENGKULU SELATAN,KAB. BENGKULU SELATAN,KABUPATEN,104.0995466656488,5.151971827181339,26.014613614744437,2
BENGKULU TENGAH,KAB. BENGKULU TENGAH,KABUPATEN,103.12503864167357,6.918052914354655,22.52325961199319,1
BENGKULU UTARA,KAB. BENGKULU UTARA,KABUPATEN,102.12490693857123,6.7937431408426345,25.882543231758593,2
BERAU,KAB. BERAU,KABUPATEN,100.0,8.632625992100643,16.897291371464977,1
BIAK NUMFOR,KAB. BIAK NUMFOR,KABUPATEN,102.32636343050679,10.967114380107269,19.67258573452487,1
BIMA,KAB. BIMA,KABUPATEN,101.67121275676988,7.817760742689177,24.473983394151876,1
BINTAN,KAB. BINTAN,KABUPATEN,103.50045639938692,7.36177769165811,23.078968091399357,1
BIREUEN,KAB. BIREUEN,KABUPATEN,100.63819670910472,6.256759561715665,21.420824396175718,1
BLITAR,KAB. BLITAR,KABUPATEN,102.9910144787745,6.482248815679656,24.21077680048961,1
BLORA,KAB. BLORA,KABUPATEN,110.04953147512228,6.476423143070962,20.816678017349304,1
BOALEMO,KAB. BOALEMO,KABUPATEN,100.08788341689238,0.0,24.34367195003506,1
BOGOR,KAB. BOGOR,KABUPATEN,108.10399787753397,26.23378671613365,18.625880084732756,3
BOJONEGORO,KAB. BOJONEGORO,KABUPATEN,143.3811494037246,6.231245560541442,12.519620034041093,5
BOLAANG MONGONDOW,KAB. BOLAANG MONGONDOW,KABUPATEN,102.70434943559594,8.21351976561958,23.54614136268531,1
BOLAANG MONGONDOW SELATAN,KAB. BOLAANG MONGONDOW SELATAN,KABUPATEN,100.92950466188017,0.0,21.492451897109866,1
BOLAANG MONGONDOW TIMUR,KAB. BOLAANG MONGONDOW TIMUR,KABUPATEN,101.99210531618601,12.028252995143973,23.029112633864816,4
BOLAANG MONGONDOW UTARA,KAB. BOLAANG MONGONDOW UTARA,KABUPATEN,101.94048849301387,12.833063355700638,23.041059002698198,4
BOMBANA,KAB. BOMBANA,KABUPATEN,103.39962426088887,8.250497623004701,16.66495819245338,1
BONDOWOSO,KAB. BONDOWOSO,KABUPATEN,102.3877571676348,7.560825686762833,27.12087385377241,2
BONE,KAB. BONE,KABUPATEN,116.78011799029247,7.621904369326153,23.12187743521845,0
BONE BOLANGO,KAB. BONE BOLANGO,KABUPATEN,99.9968556347622,7.806753128571279,24.97248859895637,1
BOVEN DIGOEL,KAB. BOVEN DIGOEL,KABUPATEN,0.0,0.0,0.0,1
BOYOLALI,KAB. BOYOLALI,KABUPATEN,0.0,0.0,25.821704300073186,1
BREBES,KAB. BREBES,KABUPATEN,0.0,0.0,21.286086236528554,1
BULELENG,KAB. BULELENG,KABUPATEN,102.3680429314493,10.148098819066433,25.565670710701994,4
BULUKUMBA,KAB. BULUKUMBA,KABUPATEN,107.80299683564571,6.652096009239511,22.83261672364219,1
BULUNGAN,KAB. BULUNGAN,KABUPATEN,101.59020154354246,12.803902629663094,23.83427511792719,4
BUNGO,KAB. BUNGO,KABUPATEN,100.41152423682738,8.42079644158108,25.594078107599465,2
BUOL,KAB. BUOL,KABUPATEN,100.96295672658617,7.870560517610429,25.652897085377255,2
BURU,KAB. BURU,KABUPATEN,99.31363051871607,7.8457417926966135,22.159491709718623,1
BURU SELATAN,KAB. BURU SELATAN,KABUPATEN,102.45629296878411,5.60434156092002,16.364891694848595,1
BUTON,KAB. BUTON,KABUPATEN,98.63975506342723,8.197804871781596,22.51097668521504,1
BUTON SELATAN,KAB. BUTON SELATAN,KABUPATEN,97.44590974960005,9.025372189159647,18.258037219255257,1
BUTON TENGAH,KAB. BUTON TENGAH,KABUPATEN,107.24397840116583,9.89193598465829,20.442875223724684,1
BUTON UTARA,KAB. BUTON UTARA,KABUPATEN,130.30814680371014,5.912469448115662,14.3629266495223,5
CIAMIS,KAB. CIAMIS,KABUPATEN,0.0,0.0,0.0,1
CIANJUR,KAB. CIANJUR,KABUPATEN,100.89048894358874,16.481256520361065,26.551762962047505,4
CILACAP,KAB. CILACAP,KABUPATEN,0.0,0.0,22.509684380606306,1
CIREBON,KAB. CIREBON,KABUPATEN,102.98114978835578,32.03454926014881,24.42908260842554,3
DAIRI,KAB. DAIRI,KABUPATEN,103.29756130381276,8.197042665845462,24.181671866270708,1
DEIYAI,KAB. DEIYAI,KABUPATEN,92.76480910597168,8.929444508037648,16.11248964767372,1
DELI SERDANG,KAB. DELI SERDANG,KABUPATEN,100.64246931306936,9.412440822039713,25.012594327695,4
DEMAK,KAB. DEMAK,KABUPATEN,104.44195543058055,8.14982405584171,21.94874106945691,1
DHARMASRAYA,KAB. DHARMASRAYA,KABUPATEN,106.7427333273699,8.39509647824159,23.762625772975216,1
DOGIYAI,KAB. DOGIYAI,KABUPATEN,0.0,0.0,12.40880333891068,1
DOMPU,KAB. DOMPU,KABUPATEN,102.51755995025238,7.111596426422883,24.960567370317847,1
DONGGALA,KAB. DONGGALA,KABUPATEN,99.67339375981422,8.097731856176464,23.775442956958614,1
EMPAT LAWANG,KAB. EMPAT LAWANG,KABUPATEN,99.80184327714245,10.348317940034043,18.030356833326884,1
ENDE,KAB. ENDE,KABUPATEN,110.51237347917765,11.06902444113092,21.501990495526563,1
ENREKANG,KAB. ENREKANG,KABUPATEN,93.44456400536497,10.238188754769531,26.188455396531577,4
FAK FAK,KAB. FAK FAK,KABUPATEN,107.16756125848687,0.0,20.396285266361737,1
FLORES TIMUR,KAB. FLORES TIMUR,KABUPATEN,99.6474483757067,0.0,24.313556527407066,1
GARUT,KAB. GARUT,KABUPATEN,104.39418286385921,8.410682672023862,22.89932673731743,1
GAYO LUES,KAB. GAYO LUES,KABUPATEN,99.75467894629631,9.229594850753394,19.615210806702933,1
GIANYAR,KAB. GIANYAR,KABUPATEN,106.67676570584517,8.659626262558291,16.67739472744403,1
GORONTALO,KAB. GORONTALO,KABUPATEN,108.53228697739343,5.496991307025799,22.850199802567275,1
GORONTALO UTARA,KAB. GORONTALO UTARA,KABUPATEN,128.53204342347874,10.337940695550213,18.5045622024463,0
GOWA,KAB. GOWA,KABUPATEN,111.50149062398427,9.410873556760016,23.92279882505472,1
GRESIK,KAB. GRESIK,KABUPATEN,107.07577663522953,8.886831436578136,17.90740051754839,1
GROBOGAN,KAB. GROBOGAN,KABUPATEN,105.22744471083494,7.491945396056545,22.086148436204333,1
GUNUNG KIDUL,KAB. GUNUNG KIDUL,KABUPATEN,104.2360798268519,29.41161305626639,24.677180882568962,3
GUNUNG MAS,KAB. GUNUNG MAS,KABUPATEN,108.14438312612768,8.43195245523066,23.108772268059937,1
HALMAHERA BARAT,KAB. HALMAHERA BARAT,KABUPATEN,123.74027055227408,0.0,17.584234573340566,1
HALMAHERA SELATAN,KAB. HALMAHERA SELATAN,KABUPATEN,97.08039687636646,9.83212386027314,17.960904529878974,1
HALMAHERA TENGAH,KAB. HALMAHERA TENGAH,KABUPATEN,115.18962775810384,7.956721709381251,9.627162767406649,1
HALMAHERA TIMUR,KAB. HALMAHERA TIMUR,KABUPATEN,104.40005182022878,0.0,18.838601377199396,1
HALMAHERA UTARA,KAB. HALMAHERA UTARA,KABUPATEN,104.69936971610376,0.0,18.51486035401915,1
HULU SUNGAI SELATAN,KAB. HULU SUNGAI SELATAN,KABUPATEN,113.25136879811284,11.1075858967855,26.75312475080129,4
HULU SUNGAI TENGAH,KAB. HULU SUNGAI TENGAH,KABUPATEN,115.38238947237072,10.872070191434378,21.305797276631537,0
HULU SUNGAI UTARA,KAB. HULU SUNGAI UTARA,KABUPATEN,131.3303379487718,10.588953547330386,23.71141851080479,0
HUMBANG HASUNDUTAN,KAB. HUMBANG HASUNDUTAN,KABUPATEN,102.84260483960783,7.603754817176462,23.499700594899473,1
INDRAGIRI HILIR,KAB. INDRAGIRI HILIR,KABUPATEN,111.91205390123467,5.043831962684566,23.94464552592864,1
INDRAGIRI HULU,KAB. INDRAGIRI HULU,KABUPATEN,109.35372096147273,5.882396471979185,25.5715305256576,0
INDRAMAYU,KAB. INDRAMAYU,KABUPATEN,102.0976147741515,7.51577294360077,22.863813418669594,1
INTAN JAYA,KAB. INTAN JAYA,KABUPATEN,99.90300599720791,5.149569535987528,13.554758490364586,1
JAYAPURA,KAB. JAYAPURA,KABUPATEN,106.88619305450813,6.975232059646429,16.62935656202125,1
JAYAWIJAYA,KAB. JAYAWIJAYA,KABUPATEN,105.24073280901783,10.70399771008994,17.44829015778355,1
JEMBER,KAB. JEMBER,KABUPATEN,115.38758264589055,8.061645396436797,20.420503623732877,1
JEMBRANA,KAB. JEMBRANA,KABUPATEN,103.55447230194707,8.825290536124026,21.6355505164893,1
JENEPONTO,KAB. JENEPONTO,KABUPATEN,100.08263196200488,9.145899081373823,27.987034513073866,4
JEPARA,KAB. JEPARA,KABUPATEN,106.8665424288412,11.281671838839728,24.38994206166804,4
JOMBANG,KAB. JOMBANG,KABUPATEN,105.72797037628467,14.40755136265507,26.243540035026733,4
KAIMANA,KAB. KAIMANA,KABUPATEN,110.14420841150712,5.780514919280527,14.367835187675464,1
KAMPAR,KAB. KAMPAR,KABUPATEN,102.3325145287019,9.299728259400641,24.037650468728078,1
KAPUAS,KAB. KAPUAS,KABUPATEN,112.96655286968517,6.2115570048813336,18.020464635702417,1
KAPUAS HULU,KAB. KAPUAS HULU,KABUPATEN,101.27642532792571,6.741241398302689,18.39083342092173,1
KARANGANYAR,KAB. KARANGANYAR,KABUPATEN,100.8297633592589,6.541262779629236,24.214476566133293,1
KARANGASEM,KAB. KARANGASEM,KABUPATEN,103.0756777744392,8.611946255537347,27.02870504467578,4
KARAWANG,KAB. KARAWANG,KABUPATEN,103.87045324602244,8.535546210718975,21.37528752530502,1
KARIMUN,KAB. KARIMUN,KABUPATEN,102.92674170381824,5.905166978251248,18.318709687838222,1
KARO,KAB. KARO,KABUPATEN,100.74716821038156,5.81836951514661,24.345721133326933,1
KATINGAN,KAB. KATINGAN,KABUPATEN,114.07992339684962,7.551030119068411,20.03079371545622,1
KAUR,KAB. KAUR,KABUPATEN,0.0,0.0,21.413911432282667,1
KAYONG UTARA,KAB. KAYONG UTARA,KABUPATEN,102.7598457738959,9.773773934725927,21.90501765395392,1
KEBUMEN,KAB. KEBUMEN,KABUPATEN,103.55760320261302,5.77185041343535,24.211378908939306,1
KEDIRI,KAB. KEDIRI,KABUPATEN,114.95958346359876,6.733511495466988,20.359438506768797,1
KEEROM,KAB. KEEROM,KABUPATEN,97.6025876979433,6.621553674920713,17.915204983970526,1
KENDAL,KAB. KENDAL,KABUPATEN,0.0,0.0,23.52283723880548,1
KEP. SIAU TAGULANDANG BIARO,KAB. KEP. SIAU TAGULANDANG BIARO,KABUPATEN,103.26157302637102,0.0,23.09737344341805,1
KEPAHIANG,KAB. KEPAHIANG,KABUPATEN,108.51603444669638,6.297838850487205,22.956465198767376,1
KEPULAUAN ANAMBAS,KAB. KEPULAUAN ANAMBAS,KABUPATEN,103.24025244869108,5.696922107586014,21.692234152977285,1
KEPULAUAN ARU,KAB. KEPULAUAN ARU,KABUPATEN,100.42214171814237,8.312413278427265,17.124315780266333,1
KEPULAUAN MENTAWAI,KAB. KEPULAUAN MENTAWAI,KABUPATEN,0.0,0.0,20.44630303025811,1
KEPULAUAN MERANTI,KAB. KEPULAUAN MERANTI,KABUPATEN,120.97696189617069,5.370400615960687,16.584597732224974,1
KEPULAUAN SELAYAR,KAB. KEPULAUAN SELAYAR,KABUPATEN,107.36722065905744,0.0,18.918007846682634,1
KEPULAUAN SULA,KAB. KEPULAUAN SULA,KABUPATEN,103.38702581818413,8.527964967569151,21.29353828393921,1
KEPULAUAN TALAUD,KAB. KEPULAUAN TALAUD,KABUPATEN,110.24652386045055,14.877352893170643,22.600667629861483,4
KEPULAUAN TANIMBAR,KAB. KEPULAUAN TANIMBAR,KABUPATEN,109.32531878816339,7.400569537104218,18.485270544993885,1
KEPULAUAN YAPEN,KAB. KEPULAUAN YAPEN,KABUPATEN,118.6685580379508,7.655240244235719,16.013096566575953,1
KERINCI,KAB. KERINCI,KABUPATEN,101.41147371871972,5.866162961102453,23.714934325678236,1
KETAPANG,KAB. KETAPANG,KABUPATEN,104.43557198984672,8.405666294740819,21.244673274113286,1
KLATEN,KAB. KLATEN,KABUPATEN,0.0,0.0,25.43309152590425,1
KLUNGKUNG,KAB. KLUNGKUNG,KABUPATEN,124.7099780240703,8.924607592404051,22.16534217690873,0
KOLAKA,KAB. KOLAKA,KABUPATEN,100.32836825233191,11.076578773664407,23.943060207062416,4
KOLAKA TIMUR,KAB. KOLAKA TIMUR,KABUPATEN,108.4259825854596,8.598038923287923,18.328142437604264,1
KOLAKA UTARA,KAB. KOLAKA UTARA,KABUPATEN,103.06427127299295,7.140847021682822,20.64883556810105,1
KONAWE,KAB. KONAWE,KABUPATEN,97.8255199734939,6.2435674014558415,20.57955958800182,1
KONAWE SELATAN,KAB. KONAWE SELATAN,KABUPATEN,118.5800255124994,16.987775282073695,20.515239735955134,3
KONAWE UTARA,KAB. KONAWE UTARA,KABUPATEN,130.19442251158583,4.875114523973794,15.37955707764413,5
BARU,KAB. KOTABARU,KOTA,105.64584522212692,6.874896124916699,21.234391263605968,1
WARINGIN BARAT,KAB. KOTAWARINGIN BARAT,KOTA,97.71178460278034,0.0,20.956102286502627,1
WARINGIN TIMUR,KAB. KOTAWARINGIN TIMUR,KOTA,103.37831937126687,8.975116430055254,21.030143355533596,1
KUANTAN SINGINGI,KAB. KUANTAN SINGINGI,KABUPATEN,101.68684824131171,6.958397805486925,24.81632532521325,1
KUBU RAYA,KAB. KUBU RAYA,KABUPATEN,108.17884046334045,8.640322751967599,21.86493934723206,1
KUDUS,KAB. KUDUS,KABUPATEN,0.0,0.0,26.440124401528877,1
KULON PROGO,KAB. KULON PROGO,KABUPATEN,100.50632550240253,8.92182612831968,26.14378594447134,4
KUNINGAN,KAB. KUNINGAN,KABUPATEN,99.18060488528741,11.449648964298156,27.08497367770812,4
KUPANG,KAB. KUPANG,KABUPATEN,105.76249287605945,9.84182576999012,24.350802075921543,4
KUTAI BARAT,KAB. KUTAI BARAT,KABUPATEN,99.6992065280968,6.156179090005974,15.000411327198105,1
KUTAI KARTANEGARA,KAB. KUTAI KARTANEGARA,KABUPATEN,110.49537107924334,5.3269766708071,19.87866991816994,1
KUTAI TIMUR,KAB. KUTAI TIMUR,KABUPATEN,99.83076317467913,6.860873195213646,18.55833269061985,1
LABUHANBATU,KAB. LABUHANBATU,KABUPATEN,101.61352704540118,6.810700161157821,22.595765612906753,1
LABUHANBATU SELATAN,KAB. LABUHANBATU SELATAN,KABUPATEN,104.3141775603343,10.296019802222494,22.592925872895812,1
LABUHANBATU UTARA,KAB. LABUHANBATU UTARA,KABUPATEN,101.38702071271366,0.0,26.685530463919047,2
LAHAT,KAB. LAHAT,KABUPATEN,104.66320992960824,0.0,21.281139334744733,1
LAMANDAU,KAB. LAMANDAU,KABUPATEN,114.45004169693817,8.559553601069208,20.554252737087573,1
LAMONGAN,KAB. LAMONGAN,KABUPATEN,104.73293217907451,8.205560975927897,19.008332928266103,1
LAMPUNG BARAT,KAB. LAMPUNG BARAT,KABUPATEN,107.4871508365703,9.31717145105592,21.998095235629467,1
LAMPUNG SELATAN,KAB. LAMPUNG SELATAN,KABUPATEN,102.66559367345354,7.695047167780256,22.036824560428112,1
LAMPUNG TENGAH,KAB. LAMPUNG TENGAH,KABUPATEN,104.6772324516166,9.456193578379889,25.286700671776877,4
LAMPUNG TIMUR,KAB. LAMPUNG TIMUR,KABUPATEN,106.92740008160911,6.637852552351372,22.30314416520855,1
LAMPUNG UTARA,KAB. LAMPUNG UTARA,KABUPATEN,106.9032792000423,6.2412925088014735,24.42008807864903,1
LANDAK,KAB. LANDAK,KABUPATEN,103.38664601505891,10.805801407670785,23.852937972721648,4
LANGKAT,KAB. LANGKAT,KABUPATEN,99.84251687272206,2.452685977071734,29.985754623714797,2
LANNY JAYA,KAB. LANNY JAYA,KABUPATEN,101.28199775097922,10.278061599901584,14.436543437522513,1
LEBAK,KAB. LEBAK,KABUPATEN,102.2582956230693,7.46480615527779,24.633947380260736,1
LEBONG,KAB. LEBONG,KABUPATEN,100.71629848360486,5.827014602713174,21.199861659201673,1
LEMBATA,KAB. LEMBATA,KABUPATEN,128.30848589900526,6.3927796443642535,17.688206373842668,0
LIMAPULUH,KAB. LIMAPULUH KOTA,KOTA,102.08180844246897,5.627396337557093,27.605356348986128,2
LINGGA,KAB. LINGGA,KABUPATEN,101.71856845044354,8.29131797712273,22.628359304140048,1
LOMBOK BARAT,KAB. LOMBOK BARAT,KABUPATEN,97.81588828374139,10.727497588885115,23.902592020443095,4
LOMBOK TENGAH,KAB. LOMBOK TENGAH,KABUPATEN,108.08081650612536,8.447708350674137,22.94768930638455,1
LOMBOK TIMUR,KAB. LOMBOK TIMUR,KABUPATEN,110.29979003867565,0.0,22.553163785397476,1
LOMBOK UTARA,KAB. LOMBOK UTARA,KABUPATEN,99.62052090071498,7.623093491162644,19.84273606167124,1
LUMAJANG,KAB. LUMAJANG,KABUPATEN,106.50537946218716,8.777014689868729,19.886982246462814,1
LUWU,KAB. LUWU,KABUPATEN,100.72970726023169,9.449492603324034,24.37858970571117,4
LUWU TIMUR,KAB. LUWU TIMUR,KABUPATEN,102.99788077779802,10.830184057215526,16.7846457556085,1
LUWU UTARA,KAB. LUWU UTARA,KABUPATEN,113.25749681256849,7.602114499914576,20.627604568892473,1
MADIUN,KAB. MADIUN,KABUPATEN,104.14762270302649,6.90231346835565,21.794787397821437,1
MAGELANG,KAB. MAGELANG,KABUPATEN,105.50918694121043,7.113055848821144,21.934237671288294,1
MAGETAN,KAB. MAGETAN,KABUPATEN,104.65685796611413,6.526634109850177,26.294086165602078,2
MAHAKAM ULU,KAB. MAHAKAM ULU,KABUPATEN,100.0,7.045185013899099,11.366064815412104,1
MAJALENGKA,KAB. MAJALENGKA,KABUPATEN,0.0,0.0,19.453718745571628,1
MAJENE,KAB. MAJENE,KABUPATEN,100.17555288939441,9.933510110567306,26.455471359598523,4
MALAKA,KAB. MALAKA,KABUPATEN,102.78494084484964,10.48358391070631,23.008352288871855,4
MALANG,KAB. MALANG,KABUPATEN,107.8431634698735,7.820287885658293,23.01087105516142,1
MALINAU,KAB. MALINAU,KABUPATEN,108.63712432312589,7.528760689359411,20.93702476097574,1
MALUKU BARAT DAYA,KAB. MALUKU BARAT DAYA,KABUPATEN,126.34133757115048,7.217030803156755,13.234003833812775,5
MALUKU TENGAH,KAB. MALUKU TENGAH,KABUPATEN,101.99724623816833,7.907216173091602,20.882453011059525,1
MALUKU TENGGARA,KAB. MALUKU TENGGARA,KABUPATEN,109.51301443852306,5.84414271428278,14.02657617901182,1
MAMASA,KAB. MAMASA,KABUPATEN,123.41350025099848,8.347267145454165,24.010750825098423,0
MAMBERAMO RAYA,KAB. MAMBERAMO RAYA,KABUPATEN,98.76743638808712,0.0,12.828736663750075,1
MAMBERAMO TENGAH,KAB. MAMBERAMO TENGAH,KABUPATEN,109.63025155293798,0.0,14.576214107076327,1
MAMUJU,KAB. MAMUJU,KABUPATEN,101.89257361902754,10.252155020792664,25.89014225698712,4
MAMUJU TENGAH,KAB. MAMUJU TENGAH,KABUPATEN,99.73023868084462,0.0,18.404372308686426,1
MAMUJU UTARA,KAB. MAMUJU UTARA,KABUPATEN,102.38811422862632,11.035475806759301,21.643748089764486,1
MANDAILING NATAL,KAB. MANDAILING NATAL,KABUPATEN,100.87085795673913,7.401692667954848,26.650096189782772,2
MANGGARAI,KAB. MANGGARAI,KABUPATEN,123.22917508005035,11.793629800050763,21.878549947392308,0
MANGGARAI BARAT,KAB. MANGGARAI BARAT,KABUPATEN,115.39378162069376,0.0,16.394425073504898,1
MANGGARAI TIMUR,KAB. MANGGARAI TIMUR,KABUPATEN,111.99547034428734,11.13282858895252,18.88484974301565,1
MANOKWARI,KAB. MANOKWARI,KABUPATEN,101.60430042663839,0.0,16.221036891968154,1
MANOKWARI SELATAN,KAB. MANOKWARI SELATAN,KABUPATEN,87.76757300898484,4.430808157319429,10.815408823247896,1
MAPPI,KAB. MAPPI,KABUPATEN,0.0,0.0,17.60521025795601,1
MAROS,KAB. MAROS,KABUPATEN,100.89123780183348,8.383935184560478,23.80698790431728,1
MAYBRAT,KAB. MAYBRAT,KABUPATEN,100.67972058974475,0.0,16.47527204001736,1
MELAWI,KAB. MELAWI,KABUPATEN,0.0,0.0,21.02757499667885,1
MEMPAWAH,KAB. MEMPAWAH,KABUPATEN,105.75990901644722,12.400517627060736,27.330738418249283,4
MERANGIN,KAB. MERANGIN,KABUPATEN,98.22231899263605,7.259372777602715,23.062635495981798,1
MERAUKE,KAB. MERAUKE,KABUPATEN,99.66734411159494,7.19776155514906,17.657898328462032,1
MESUJI,KAB. MESUJI,KABUPATEN,107.93177164571908,11.025640211608746,18.981964523565566,1
MIMIKA,KAB. MIMIKA,KABUPATEN,107.05627666533913,5.532809440321926,11.371975377991486,1
MINAHASA,KAB. MINAHASA,KABUPATEN,105.07558409471312,9.458058306956044,25.608439302692233,4
MINAHASA SELATAN,KAB. MINAHASA SELATAN,KABUPATEN,99.83641319984856,6.098892390309103,24.909329168471203,1
MINAHASA TENGGARA,KAB. MINAHASA TENGGARA,KABUPATEN,98.52550963659242,7.301935782488989,20.20417474469258,1
MINAHASA UTARA,KAB. MINAHASA UTARA,KABUPATEN,100.20128623490156,9.324017543109537,23.868761160869035,1
MOJOKERTO,KAB. MOJOKERTO,KABUPATEN,104.2012422070843,6.421535162748842,18.253469304456353,1
MOROWALI,KAB. MOROWALI,KABUPATEN,100.57660520207263,0.0,15.555788067391028,1
MUARA ENIM,KAB. MUARA ENIM,KABUPATEN,103.21123590248204,8.862939939330104,22.6706870317137,1
MUARO JAMBI,KAB. MUARO JAMBI,KABUPATEN,103.34907737758824,5.73396214112333,24.319449208899997,1
MUKOMUKO,KAB. MUKOMUKO,KABUPATEN,102.48514186002431,7.867724689455317,22.216495724348228,1
MUNA,KAB. MUNA,KABUPATEN,116.98887594662486,8.60679916396226,23.424456942316592,0
MUNA BARAT,KAB. MUNA BARAT,KABUPATEN,133.82711713929143,11.61535888722531,17.566300714169913,5
MURUNG RAYA,KAB. MURUNG RAYA,KABUPATEN,104.5948384928899,7.2832043111654965,19.794932040451606,1
MUSI BANYUASIN,KAB. MUSI BANYUASIN,KABUPATEN,92.68969049716559,6.2980399467809836,15.743225875096531,1
MUSI RAWAS,KAB. MUSI RAWAS,KABUPATEN,100.59158074700636,6.821640789653996,19.778097311237698,1
NABIRE,KAB. NABIRE,KABUPATEN,96.58305545547722,9.000153159279336,21.452647694554244,1
NAGAN RAYA,KAB. NAGAN RAYA,KABUPATEN,101.47627464710052,5.924018288794362,20.17675628323284,1
NAGEKEO,KAB. NAGEKEO,KABUPATEN,104.70977012627371,7.588066082636869,21.978512704299455,1
NATUNA,KAB. NATUNA,KABUPATEN,101.61970789893257,19.073877891536554,19.11305872026959,4
NDUGA,KAB. NDUGA,KABUPATEN,96.26436008498017,9.531556878154664,9.43029642227339,1
NGADA,KAB. NGADA,KABUPATEN,118.49504821045949,10.76316690929423,21.148594710285558,1
NGANJUK,KAB. NGANJUK,KABUPATEN,111.7984486394443,6.1364536473045925,25.41856584780099,0
NGAWI,KAB. NGAWI,KABUPATEN,107.75997464723015,6.676172190572213,25.112336358057846,0
NIAS,KAB. NIAS,KABUPATEN,103.30849121577856,10.370665729032664,20.21075147545618,1
NIAS BARAT,KAB. NIAS BARAT,KABUPATEN,104.57001205258835,12.313084337120815,21.825358328831406,1
NIAS SELATAN,KAB. NIAS SELATAN,KABUPATEN,102.91790099147038,10.493211846540806,17.81897228627644,1
NIAS UTARA,KAB. NIAS UTARA,KABUPATEN,117.02412454480178,10.604381352889536,13.234309854435725,1
NUNUKAN,KAB. NUNUKAN,KABUPATEN,102.92982199847278,5.858434942539338,21.501158613805902,1
OGAN ILIR,KAB. OGAN ILIR,KABUPATEN,99.90109087173818,6.932368881935163,22.53608119270303,1
OGAN KOMERING ILIR,KAB. OGAN KOMERING ILIR,KABUPATEN,106.5691096242085,7.044317546084709,21.48741624651582,1
OGAN KOMERING ULU,KAB. OGAN KOMERING ULU,KABUPATEN,105.81742328188078,5.880582803485433,20.841373280829348,1
OKU SELATAN,KAB. OKU SELATAN,KABUPATEN,108.25504261910261,0.0,20.65740042706443,1
OKU TIMUR,KAB. OKU TIMUR,KABUPATEN,98.53254310858412,7.403853382525618,24.273670275955453,1
PACITAN,KAB. PACITAN,KABUPATEN,100.94616907175198,7.759324473533281,25.55949162441844,2
PADANG LAWAS,KAB. PADANG LAWAS,KABUPATEN,103.33580613800196,6.630833939004751,19.793429875381968,1
PADANG LAWAS UTARA,KAB. PADANG LAWAS UTARA,KABUPATEN,119.08133973009434,0.0,17.900881162667602,1
PADANG PARIAMAN,KAB. PADANG PARIAMAN,KABUPATEN,104.10042778450257,7.236559238176728,28.819185745503034,2
PAKPAK BHARAT,KAB. PAKPAK BHARAT,KABUPATEN,103.70711616992413,20.829642682004575,24.35494397491071,4
PAMEKASAN,KAB. PAMEKASAN,KABUPATEN,120.8234882842711,6.86191014388562,21.434777089808957,1
PANDEGLANG,KAB. PANDEGLANG,KABUPATEN,100.668319650789,7.181135567850173,27.51945562331446,2
PANGANDARAN,KAB. PANGANDARAN,KABUPATEN,100.47019460236417,11.379166198586127,20.168874770942978,1
PANGKAJENE KEPULAUAN,KAB. PANGKAJENE KEPULAUAN,KABUPATEN,100.65770033737267,11.55571163787325,28.04908513576278,4
PANIAI,KAB. PANIAI,KABUPATEN,107.5748137754639,9.45521790451435,16.006527299565374,1
PARIGI MOUTONG,KAB. PARIGI MOUTONG,KABUPATEN,101.24942513851582,0.0,25.484186217266377,2
PASAMAN,KAB. PASAMAN,KABUPATEN,104.54823358992601,8.677961644502968,26.06265501495657,2
PASAMAN BARAT,KAB. PASAMAN BARAT,KABUPATEN,0.0,0.0,28.012235397913813,2
PASER,KAB. PASER,KABUPATEN,149.23315959966266,6.758461605471306,16.572789140096322,5
PASURUAN,KAB. PASURUAN,KABUPATEN,107.68128320023489,8.983123580737004,21.216705268822047,1
PATI,KAB. PATI,KABUPATEN,103.36363320888292,8.159780457915987,24.352488975603407,1
PEGUNUNGAN ARFAK,KAB. PEGUNUNGAN ARFAK,KABUPATEN,99.88509811702612,7.396023286164931,10.79601968081717,1
PEGUNUNGAN BINTANG,KAB. PEGUNUNGAN BINTANG,KABUPATEN,100.0,7.941412008764234,14.37223982529535,1
PEKALONGAN,KAB. PEKALONGAN,KABUPATEN,100.20312038458931,7.401025882314676,23.328889568422404,1
PELALAWAN,KAB. PELALAWAN,KABUPATEN,124.48667837359775,4.62025523062139,17.937396490245764,1
PEMALANG,KAB. PEMALANG,KABUPATEN,101.61315421321788,10.307326834178848,29.377047468464916,4
PENAJAM PASER UTARA,KAB. PENAJAM PASER UTARA,KABUPATEN,94.79072544840685,6.760033041051915,22.086016756008746,1
PENUKAL ABAB LEMATANG ILIR,KAB. PENUKAL ABAB LEMATANG ILIR,KABUPATEN,127.46183367394246,6.722074368895548,11.588814801074543,5
PESAWARAN,KAB. PESAWARAN,KABUPATEN,112.11452513605711,6.83335355436376,19.256934947339012,1
PESISIR BARAT,KAB. PESISIR BARAT,KABUPATEN,99.55183464205713,5.5527734897623215,16.37586203302356,1
PESISIR SELATAN,KAB. PESISIR SELATAN,KABUPATEN,101.88531571096908,28.674423220936198,25.107062113357827,3
PIDIE,KAB. PIDIE,KABUPATEN,104.50015547354647,5.094170929828065,19.133976667150712,1
PIDIE JAYA,KAB. PIDIE JAYA,KABUPATEN,99.88596188119533,6.663200659527395,18.56708582287586,1
PINRANG,KAB. PINRANG,KABUPATEN,103.77720858812592,10.152909447904099,26.73450401304577,4
POHUWATO,KAB. POHUWATO,KABUPATEN,110.98672737558508,0.0,20.720035716748633,1
POLEWALI MANDAR,KAB. POLEWALI MANDAR,KABUPATEN,100.0,13.411138124322866,28.436669551795237,4
PONOROGO,KAB. PONOROGO,KABUPATEN,109.56394378772605,5.985736653346168,20.508275010986353,1
POSO,KAB. POSO,KABUPATEN,100.0,0.0,27.652382777173166,2
PRINGSEWU,KAB. PRINGSEWU,KABUPATEN,103.35834315488206,9.327318017129334,27.284029082878703,4
PROBOLINGGO,KAB. PROBOLINGGO,KABUPATEN,105.4361696303079,6.028229208687342,21.06322130612,1
PULANG PISAU,KAB. PULANG PISAU,KABUPATEN,104.06105705109012,6.634206422451689,23.706623134722182,1
PULAU MOROTAI,KAB. PULAU MOROTAI,KABUPATEN,0.0,0.0,16.759045949984138,1
PULAU TALIABU,KAB. PULAU TALIABU,KABUPATEN,156.32925447040847,5.731545337905284,8.309039328711709,5
PUNCAK,KAB. PUNCAK,KABUPATEN,0.0,0.0,0.0,1
PUNCAK JAYA,KAB. PUNCAK JAYA,KABUPATEN,101.05692337401204,0.0,13.9204315305502,1
PURBALINGGA,KAB. PURBALINGGA,KABUPATEN,102.84673705536058,8.261714620291057,23.772691720146987,1
PURWAKARTA,KAB. PURWAKARTA,KABUPATEN,0.0,0.0,23.634846964486584,1
PURWOREJO,KAB. PURWOREJO,KABUPATEN,0.0,0.0,20.37323221439889,1
RAJA AMPAT,KAB. RAJA AMPAT,KABUPATEN,99.92592592592592,7.543058519236471,16.88666586194511,1
REJANG LEBONG,KAB. REJANG LEBONG,KABUPATEN,99.74679979804384,8.244791485120523,24.754457457283394,1
REMBANG,KAB. REMBANG,KABUPATEN,117.52911028604136,0.0,19.715914612257002,1
ROKAN HILIR,KAB. ROKAN HILIR,KABUPATEN,112.9013242402024,21.111160016590084,21.09146804828679,0
ROKAN HULU,KAB. ROKAN HULU,KABUPATEN,100.8889676774468,1.7302437245465945,24.58229710893115,2
ROTE NDAO,KAB. ROTE NDAO,KABUPATEN,101.5959292435834,9.561500603997457,22.867611141861197,1
SABU RAIJUA,KAB. SABU RAIJUA,KABUPATEN,107.50551179411325,7.452469050646629,18.631570098808393,1
SAMBAS,KAB. SAMBAS,KABUPATEN,98.98929681045477,24.728885825548993,20.677523417064897,3
SAMOSIR,KAB. SAMOSIR,KABUPATEN,102.47378769364744,5.697807861065912,20.451594442544263,1
SAMPANG,KAB. SAMPANG,KABUPATEN,113.85802849818158,9.521914034716561,21.911890719910055,1
SANGGAU,KAB. SANGGAU,KABUPATEN,109.0945884456838,8.071873309105289,19.837861822327092,1
SANGIHE,KAB. SANGIHE,KABUPATEN,107.11831326606394,8.70116892783189,26.623493423718912,4
SARMI,KAB. SARMI,KABUPATEN,99.51234331256785,9.781480672945605,14.63826521292993,1
SAROLANGUN,KAB. SAROLANGUN,KABUPATEN,103.63253713073952,7.4775483011411765,21.795208063982518,1
SEKADAU,KAB. SEKADAU,KABUPATEN,106.2847799700757,24.31873041351094,22.28000117771468,3
SELUMA,KAB. SELUMA,KABUPATEN,104.09955009607359,6.6903569194708385,23.55054897309975,1
SEMARANG,KAB. SEMARANG,KABUPATEN,104.8990062741179,7.9024882651446475,21.6787772033294,1
SERAM BAGIAN BARAT,KAB. SERAM BAGIAN BARAT,KABUPATEN,107.60070655985159,8.294439810749404,22.487515505343545,1
SERAM BAGIAN TIMUR,KAB. SERAM BAGIAN TIMUR,KABUPATEN,100.0,7.906515150379235,19.368860204451543,1
SERANG,KAB. SERANG,KABUPATEN,104.90839054455647,6.93506660732454,23.652380795052835,1
SERDANG BEDAGAI,KAB. SERDANG BEDAGAI,KABUPATEN,99.092330456165,8.839650467104512,23.59776335618415,1
SERUYAN,KAB. SERUYAN,KABUPATEN,0.0,0.0,22.064918005390844,1
SIAK,KAB. SIAK,KABUPATEN,109.34752082819605,7.304951269208814,20.851217727282368,1
SIDENRENG RAPPANG,KAB. SIDENRENG RAPPANG,KABUPATEN,101.87420816566797,8.017082840340423,25.102160857775505,2
SIDOARJO,KAB. SIDOARJO,KABUPATEN,121.0207587458807,9.94253908499207,17.194567787944223,1
SIGI,KAB. SIGI,KABUPATEN,105.4428465032944,8.30593414107772,23.94522626523539,1
SIJUNJUNG,KAB. SIJUNJUNG,KABUPATEN,107.3631163613007,9.853262048638776,26.89929200600554,4
SIKKA,KAB. SIKKA,KABUPATEN,115.45283999442269,0.0,23.62207022321801,0
SIMALUNGUN,KAB. SIMALUNGUN,KABUPATEN,99.77958640098782,7.433349862520692,27.219749502334583,2
SIMEULUE,KAB. SIMEULUE,KABUPATEN,101.77672289755503,9.062631935254469,20.820291575091105,1
SINJAI,KAB. SINJAI,KABUPATEN,102.53010542165659,9.163595477281751,26.46980706084706,4
SINTANG,KAB. SINTANG,KABUPATEN,100.7074535515381,6.700974308493308,21.049203938629972,1
SITUBONDO,KAB. SITUBONDO,KABUPATEN,120.59079101665387,7.67615434842718,22.821058503699014,0
SLEMAN,KAB. SLEMAN,KABUPATEN,104.95002859991101,8.50184131726878,19.381632943813653,1
SOLOK,KAB. SOLOK,KABUPATEN,103.61918396972402,7.200053694330252,28.896522494137123,2
SOLOK SELATAN,KAB. SOLOK SELATAN,KABUPATEN,110.44560026184665,11.473846561041427,25.03920745670792,4
SOPPENG,KAB. SOPPENG,KABUPATEN,106.76076909004529,6.91122756192034,28.6864181669648,2
SORONG,KAB. SORONG,KABUPATEN,101.71408287450015,0.0,16.144978902172596,1
SORONG SELATAN,KAB. SORONG SELATAN,KABUPATEN,109.29919730504145,7.22437072566106,19.08370291148271,1
SRAGEN,KAB. SRAGEN,KABUPATEN,110.65809218197442,6.613239623001929,25.6069699283864,0
SUBANG,KAB. SUBANG,KABUPATEN,102.9836063689813,28.04889503284263,26.00168752056528,3
SUKABUMI,KAB. SUKABUMI,KABUPATEN,99.32525383533395,10.026744324422822,21.087784121087363,1
SUKAMARA,KAB. SUKAMARA,KABUPATEN,107.67438144311525,9.04829115080479,19.581641376556632,1
SUKOHARJO,KAB. SUKOHARJO,KABUPATEN,0.0,0.0,22.550734630925177,1
SUMBA BARAT,KAB. SUMBA BARAT,KABUPATEN,99.189104996078,9.515289968949816,16.950794541956434,1
SUMBA BARAT DAYA,KAB. SUMBA BARAT DAYA,KABUPATEN,108.64581127760819,10.345245245865943,18.66644504522327,1
SUMBA TENGAH,KAB. SUMBA TENGAH,KABUPATEN,102.93753447657248,11.342989764755547,19.699604552458265,1
SUMBA TIMUR,KAB. SUMBA TIMUR,KABUPATEN,0.0,0.0,19.79449411999225,1
SUMBAWA,KAB. SUMBAWA,KABUPATEN,101.32114232872762,9.03426217409955,25.831255455791748,4
SUMBAWA BARAT,KAB. SUMBAWA BARAT,KABUPATEN,104.11875018525186,6.169306587656207,21.29874065018868,1
SUMEDANG,KAB. SUMEDANG,KABUPATEN,99.55543652685385,30.94756014599359,27.255853503884712,3
SUMENEP,KAB. SUMENEP,KABUPATEN,112.55795135388375,6.840653922373255,23.318045658434713,1
SUPIORI,KAB. SUPIORI,KABUPATEN,101.71471029745283,0.0,19.184298792368367,1
TABALONG,KAB. TABALONG,KABUPATEN,112.68402848676935,3.754761071685568,20.51489617974314,1
TABANAN,KAB. TABANAN,KABUPATEN,103.3743036783235,6.1931069639607035,26.33026350301647,2
TAKALAR,KAB. TAKALAR,KABUPATEN,120.6701358276059,15.123637815753668,25.256560688315226,3
TAMBRAUW,KAB. TAMBRAUW,KABUPATEN,92.51679696616546,15.58275394448255,11.977050907085932,1
TANA TIDUNG,KAB. TANA TIDUNG,KABUPATEN,104.87039512575396,8.27547925496612,23.378341445474017,1
TANA TORAJA,KAB. TANA TORAJA,KABUPATEN,0.0,0.0,24.68891466884495,1
TANAH BUMBU,KAB. TANAH BUMBU,KABUPATEN,108.14716956113438,8.67975227138919,15.189749144532488,1
TANAH DATAR,KAB. TANAH DATAR,KABUPATEN,104.41940130405347,5.759452228743861,27.072290534648744,2
TANAH LAUT,KAB. TANAH LAUT,KABUPATEN,109.43716269682908,5.816278300603338,20.979419940325492,1
TANGERANG,KAB. TANGERANG,KABUPATEN,0.0,0.0,21.295421147423465,1
TANGGAMUS,KAB. TANGGAMUS,KABUPATEN,104.01466295758442,6.173520958882484,19.40595475415147,1
TANJUNG JABUNG BARAT,KAB. TANJUNG JABUNG BARAT,KABUPATEN,0.0,0.0,20.63064151353601,1
TANJUNG JABUNG TIMUR,KAB. TANJUNG JABUNG TIMUR,KABUPATEN,106.41015899750796,6.250917094019659,21.211344447041363,1
TAPANULI SELATAN,KAB. TAPANULI SELATAN,KABUPATEN,108.23458827871377,6.927632326862598,20.585360460280516,1
TAPANULI TENGAH,KAB. TAPANULI TENGAH,KABUPATEN,97.50465983792068,8.464021641858587,23.09839476096566,1
TAPANULI UTARA,KAB. TAPANULI UTARA,KABUPATEN,105.35875630903232,0.0,24.95369608002226,2
TAPIN,KAB. TAPIN,KABUPATEN,152.91037156478097,4.9911593914004655,16.74427052559216,5
TASIKMALAYA,KAB. TASIKMALAYA,KABUPATEN,102.92763286615025,6.8718688910501795,23.667972597036005,1
TEBO,KAB. TEBO,KABUPATEN,99.69477737097449,10.601018711421426,21.56153795650281,1
TEGAL,KAB. TEGAL,KABUPATEN,106.6206847940589,8.123918459165376,22.3003292005418,1
TELUK BINTUNI,KAB. TELUK BINTUNI,KABUPATEN,100.0,4.968916006644964,8.982957291104883,1
TELUK WONDAMA,KAB. TELUK WONDAMA,KABUPATEN,102.0916959315744,6.94486109156667,14.512518792971793,1
TEMANGGUNG,KAB. TEMANGGUNG,KABUPATEN,105.49388277795167,0.0,24.439856522231707,2
TIMOR TENGAH SELATAN,KAB. TIMOR TENGAH SELATAN,KABUPATEN,99.99999999997038,13.979334247819857,36.66416028996,4
TIMOR TENGAH UTARA,KAB. TIMOR TENGAH UTARA,KABUPATEN,104.60786214047249,12.14813964795714,21.89784785258213,1
TOBA SAMOSIR,KAB. TOBA SAMOSIR,KABUPATEN,105.13331460669579,0.0,24.795104636163796,2
TOJO UNA UNA,KAB. TOJO UNA UNA,KABUPATEN,103.88988737453239,7.759142676334093,22.03668293802246,1
TOLI-TOLI,KAB. TOLI-TOLI,KABUPATEN,100.0,0.0,23.985035878943382,1
TOLIKARA,KAB. TOLIKARA,KABUPATEN,0.0,0.0,0.0,1
TORAJA UTARA,KAB. TORAJA UTARA,KABUPATEN,100.19105831975664,0.0,24.362583903123465,1
TRENGGALEK,KAB. TRENGGALEK,KABUPATEN,112.96418163382731,6.96300548005647,22.139164866626114,1
TUBAN,KAB. TUBAN,KABUPATEN,106.17396299559626,6.302361128766984,22.63899013492521,1
TULANG BAWANG,KAB. TULANG BAWANG,KABUPATEN,103.03393418067488,9.44385694114018,22.404560367681395,1
TULANG BAWANG BARAT,KAB. TULANG BAWANG BARAT,KABUPATEN,0.0,0.0,21.16073244897249,1
TULUNGAGUNG,KAB. TULUNGAGUNG,KABUPATEN,106.30304793036925,6.467316431338588,24.355665514542984,1
WAJO,KAB. WAJO,KABUPATEN,98.00444197430139,9.246838080114847,26.10506191991762,4
WAKATOBI,KAB. WAKATOBI,KABUPATEN,105.52691176071119,10.274285961452389,22.6607017853402,1
WAY KANAN,KAB. WAY KANAN,KABUPATEN,100.18545357923598,7.644082956957951,24.41540097440094,1
WONOGIRI,KAB. WONOGIRI,KABUPATEN,104.34181731881387,34.692009196714125,31.141332813495147,3
WONOSOBO,KAB. WONOSOBO,KABUPATEN,103.23284762910374,7.808277033925888,23.56916031241011,1
YAHUKIMO,KAB. YAHUKIMO,KABUPATEN,101.19116239413839,8.717066754503733,15.151548264955125,1
YALIMO,KAB. YALIMO,KABUPATEN,100.0,6.230683753820307,14.75087562330313,1
AMBON,KOTA AMBON,KOTA,100.1552195039487,6.37608987651012,22.908844953102463,1
BALIKPAPAN,KOTA BALIKPAPAN,KOTA,106.10001086423956,24.062397238791988,21.194633606335103,3
BANDA ACEH,KOTA BANDA ACEH,KOTA,100.34199932196626,10.189405264566968,20.056729460003712,1
BANDAR LAMPUNG,KOTA BANDAR LAMPUNG,KOTA,0.0,0.0,22.171757544965757,1
BANDUNG,KOTA BANDUNG,KOTA,100.81505284015945,8.875301080892461,24.856674590530652,1
BANJAR,KOTA BANJAR,KOTA,105.09500541271153,4.921323054183365,24.09066591641878,1
BANJARBARU,KOTA BANJARBARU,KOTA,101.26287542716013,10.76910413349772,23.998670235623987,4
BANJARMASIN,KOTA BANJARMASIN,KOTA,115.38918626548384,9.063129254384867,22.886559413180237,0
BATAM,KOTA BATAM,KOTA,102.70269413563437,8.183126540784407,22.607183076412355,1
BATU,KOTA BATU,KOTA,121.24451302184858,6.795572516410038,20.268661560084773,1
BAUBAU,KOTA BAUBAU,KOTA,122.45284669433738,7.844361023010839,24.004844360004327,0
BEKASI,KOTA BEKASI,KOTA,0.0,0.0,24.60969765497034,1
BENGKULU,KOTA BENGKULU,KOTA,93.49929770179173,6.585769172931185,26.490531591431854,2
BIMA,KOTA BIMA,KOTA,101.70364531518355,9.500935796691222,28.192830841478845,4
BINJAI,KOTA BINJAI,KOTA,99.70424243764903,0.0,26.169228379474752,2
BITUNG,KOTA BITUNG,KOTA,100.28403742050047,7.998155380695325,25.79385675062121,2
BLITAR,KOTA BLITAR,KOTA,116.5023093911602,8.579830788113547,19.737028562951018,1
BOGOR,KOTA BOGOR,KOTA,108.28655798106755,25.4466308872261,24.799316655223677,3
BONTANG,KOTA BONTANG,KOTA,114.10826100803683,5.153102919197506,21.535469419381727,1
BUKIT TINGGI,KOTA BUKIT TINGGI,KOTA,117.39405683071737,8.70603183988936,22.10378409454308,1
CILEGON,KOTA CILEGON,KOTA,124.78689600439101,6.88867596877451,22.879481162499324,0
CIMAHI,KOTA CIMAHI,KOTA,115.74959059137436,12.22742334230685,28.0597616279952,4
CIREBON,KOTA CIREBON,KOTA,0.0,0.0,29.58643952440703,2
DENPASAR,KOTA DENPASAR,KOTA,0.0,0.0,0.0,1
DEPOK,KOTA DEPOK,KOTA,114.13780927762858,22.236600933393866,0.0,1
DUMAI,KOTA DUMAI,KOTA,112.10096769409104,5.863941000424587,26.805399867134156,0
GORONTALO,KOTA GORONTALO,KOTA,127.18536799210463,7.417357016654648,21.296936767486763,0
GUNUNGSITOLI,KOTA GUNUNGSITOLI,KOTA,104.0626675105534,6.750893276541703,21.915357991873112,1
JAMBI,KOTA JAMBI,KOTA,104.90343231221576,8.792176589744283,22.607956982308725,1
JAYAPURA,KOTA JAYAPURA,KOTA,101.6411376567806,8.622944128230213,22.98511624535101,1
KEDIRI,KOTA KEDIRI,KOTA,123.36214589915768,6.458632144475412,24.89164338108862,0
KENDARI,KOTA KENDARI,KOTA,118.74994000042092,7.923607263261649,22.302928480921857,1
KOTAMOBAGU,KOTA KOTAMOBAGU,KOTA,103.31861674122,10.071872870699497,23.565757778952715,4
KUPANG,KOTA KUPANG,KOTA,101.94075054196581,7.246077566269675,24.302022663557768,1
LANGSA,KOTA LANGSA,KOTA,100.29243141916604,12.361876916266915,26.816185312331996,4
LHOKSEUMAWE,KOTA LHOKSEUMAWE,KOTA,104.05771767251349,7.185360857449414,21.966929421887126,1
LUBUK LINGGAU,KOTA LUBUK LINGGAU,KOTA,0.0,0.0,28.388366361900065,2
MADIUN,KOTA MADIUN,KOTA,117.79378740287738,7.381599596746433,21.997014828161568,1
MAGELANG,KOTA MAGELANG,KOTA,109.50453174252148,6.0444326560264034,23.0409513920131,1
MAKASSAR,KOTA MAKASSAR,KOTA,118.05131376492952,10.313082121409181,18.31438571153866,1
MALANG,KOTA MALANG,KOTA,106.8517902290899,10.468230977181307,24.694352586046556,4
MANADO,KOTA MANADO,KOTA,118.04627402655994,7.073452687868521,19.26904164851646,1
MATARAM,KOTA MATARAM,KOTA,100.9002103044147,6.859589773038134,22.88522552272366,1
MEDAN,KOTA MEDAN,KOTA,104.67129726804862,7.7858546698271205,18.62034768208443,1
METRO,KOTA METRO,KOTA,103.90324943684189,6.023446825112046,20.73940896544682,1
MOJOKERTO,KOTA MOJOKERTO,KOTA,136.1996613931283,7.011633633146113,17.360929950478784,5
PADANG,KOTA PADANG,KOTA,0.0,0.0,0.0,1
PADANG PANJANG,KOTA PADANG PANJANG,KOTA,0.0,0.0,22.74653790596186,1
PADANG SIDEMPUAN,KOTA PADANG SIDEMPUAN,KOTA,112.64117352153093,6.123380780030537,25.396960319936625,0
PAGAR ALAM,KOTA PAGAR ALAM,KOTA,104.35983664092319,9.655610172112553,24.08468199168175,4
PALANGKARAYA,KOTA PALANGKARAYA,KOTA,108.88751935996932,6.8318028965912525,26.524182336529993,0
PALEMBANG,KOTA PALEMBANG,KOTA,99.19476823810605,7.375308654999096,23.63806190790539,1
PALOPO,KOTA PALOPO,KOTA,102.50644466082441,10.87966016600527,25.83890407871809,4
PALU,KOTA PALU,KOTA,118.8487397142614,5.811306852251742,21.39769537251633,1
PANGKAL PINANG,KOTA PANGKAL PINANG,KOTA,103.80620904685756,9.482864754058303,26.27751698191068,4
PARE-PARE,KOTA PARE-PARE,KOTA,101.89095185156127,12.916208260308,27.339005801034737,4
PARIAMAN,KOTA PARIAMAN,KOTA,104.86275519917172,5.662033335882586,25.385750981826668,2
PASURUAN,KOTA PASURUAN,KOTA,127.02716536920431,9.141239156530613,21.257013930694356,0
PAYAKUMBUH,KOTA PAYAKUMBUH,KOTA,108.08623591184423,6.937996738230276,26.241894771999668,2
PEKALONGAN,KOTA PEKALONGAN,KOTA,0.0,0.0,22.405195406562488,1
PEKANBARU,KOTA PEKANBARU,KOTA,0.0,0.0,0.027949433192122914,1
PEMATANG SIANTAR,KOTA PEMATANG SIANTAR,KOTA,106.76355151948671,7.184947877174805,27.342645807169358,2
PONTIANAK,KOTA PONTIANAK,KOTA,0.0,0.0,0.0,1
PRABUMULIH,KOTA PRABUMULIH,KOTA,113.36504959904634,2.297509838247095,23.880018262266685,1
PROBOLINGGO,KOTA PROBOLINGGO,KOTA,117.6575665886649,27.980319164502582,21.72136667787546,3
SABANG,KOTA SABANG,KOTA,122.57233637065733,9.951150897056007,21.701278312056324,0
SALATIGA,KOTA SALATIGA,KOTA,104.4612604276836,6.499695696231993,22.27945494820071,1
SAMARINDA,KOTA SAMARINDA,KOTA,111.28222560336279,6.926655884428039,20.341758177441292,1
SAWAHLUNTO,KOTA SAWAHLUNTO,KOTA,0.0,0.0,0.0,1
SEMARANG,KOTA SEMARANG,KOTA,103.86478857368952,6.89749035472804,18.87037983884768,1
SERANG,KOTA SERANG,KOTA,111.26105164842075,6.399888824816282,25.13685837213874,0
SIBOLGA,KOTA SIBOLGA,KOTA,115.00786023646556,6.25180075589936,22.079156783549138,1
SINGKAWANG,KOTA SINGKAWANG,KOTA,92.61115472962832,33.13781005960648,24.05719606990877,3
SOLOK,KOTA SOLOK,KOTA,137.42904152113047,6.060847814430444,21.384328232654752,5
SORONG,KOTA SORONG,KOTA,84.41385031935046,0.0,19.450371249002323,1
SUBULUSSALAM,KOTA SUBULUSSALAM,KOTA,0.0,0.0,16.663484932996884,1
SUKABUMI,KOTA SUKABUMI,KOTA,101.76485912686822,6.287710645599187,22.094473309060962,1
SUNGAI PENUH,KOTA SUNGAI PENUH,KOTA,105.97784945029363,8.43799111341604,24.608356775239677,1
SURABAYA,KOTA SURABAYA,KOTA,0.0,0.0,0.0,1
SURAKARTA,KOTA SURAKARTA,KOTA,0.0,0.0,0.0,1
TANGERANG,KOTA TANGERANG,KOTA,110.24099266624923,9.960762454270563,20.021696605225863,1
TANGERANG SELATAN,KOTA TANGERANG SELATAN,KOTA,105.59280462890031,6.950236315907461,16.096537080174052,1
TANJUNG BALAI,KOTA TANJUNG BALAI,KOTA,100.24257144404811,6.764663136709284,28.397057575550484,2
TANJUNG PINANG,KOTA TANJUNG PINANG,KOTA,109.08345799854587,10.452604609720286,28.42028647856671,4
TARAKAN,KOTA TARAKAN,KOTA,105.92063401674213,7.129941514923162,22.67554856260486,1
TASIKMALAYA,KOTA TASIKMALAYA,KOTA,105.00498328662728,6.825076959875524,27.134013783587065,2
TEBING TINGGI,KOTA TEBING TINGGI,KOTA,100.15981899419815,7.609528168219391,25.987027478424544,2
TEGAL,KOTA TEGAL,KOTA,107.33672268540526,6.852011284647474,21.2177506893359,1
TERNATE,KOTA TERNATE,KOTA,100.0,5.888178953245887,25.537028200417083,2
TIDORE KEPULAUAN,KOTA TIDORE KEPULAUAN,KOTA,107.63808088398021,0.0,22.069596566359415,1
TOMOHON,KOTA TOMOHON,KOTA,112.34127836316401,6.569286700170489,23.134069277534795,1
TUAL,KOTA TUAL,KOTA,0.0,0.0,16.404305211582766,1
YOGYAKARTA,KOTA YOGYAKARTA,KOTA,105.19611223938452,0.0,22.05736618603156,1
ACEH,PROVINSI ACEH,PROVINSI,121.1014062693053,20.151128512878095,10.519040852825356,3
BALI,PROVINSI BALI,PROVINSI,120.9692089257375,18.427956325019572,14.49649693190944,3
BANGKA BELITUNG,PROVINSI BANGKA BELITUNG,PROVINSI,107.89239251801801,6.975453703381799,20.554328329873968,1
BANTEN,PROVINSI BANTEN,PROVINSI,0.0,0.0,11.445239037322496,1
BENGKULU,PROVINSI BENGKULU,PROVINSI,102.85142006746564,7.927672571584397,23.2897818205421,1
DI YOGYAKARTA,PROVINSI DI YOGYAKARTA,PROVINSI,107.39543330759051,12.514421313895134,15.628438879708234,1
DKI JAKARTA,PROVINSI DKI JAKARTA,PROVINSI,99.21116416698268,21.509704634778203,14.989115113638501,3
GORONTALO,PROVINSI GORONTALO,PROVINSI,98.98573666313982,9.437792084975213,20.179097892824192,1
JAMBI,PROVINSI JAMBI,PROVINSI,113.7721317176163,6.051090897937014,19.05270793562869,1
JAWA BARAT,PROVINSI JAWA BARAT,PROVINSI,99.95191611568237,11.050899138610625,10.361136096945993,1
JAWA TENGAH,PROVINSI JAWA TENGAH,PROVINSI,0.0,0.0,14.08066418184979,1
JAWA TIMUR,PROVINSI JAWA TIMUR,PROVINSI,106.55767305971646,8.812376216925188,15.171215939531226,1
KALIMANTAN BARAT,PROVINSI KALIMANTAN BARAT,PROVINSI,105.4049155991338,10.600998374419094,14.633325232254238,1
KALIMANTAN SELATAN,PROVINSI KALIMANTAN SELATAN,PROVINSI,99.4425721000447,24.401691344354184,14.334827156972057,3
KALIMANTAN TENGAH,PROVINSI KALIMANTAN TENGAH,PROVINSI,100.4725665495364,5.428688087713385,14.81226572279611,1
KALIMANTAN TIMUR,PROVINSI KALIMANTAN TIMUR,PROVINSI,105.89194042757985,5.98378239577576,11.219525303594969,1
KALIMANTAN UTARA,PROVINSI KALIMANTAN UTARA,PROVINSI,112.05004614125784,5.628954171291638,18.2260790060989,1
KEPULAUAN RIAU,PROVINSI KEPULAUAN RIAU,PROVINSI,111.20585620869893,6.331915129686552,14.546458275102871,1
LAMPUNG,PROVINSI LAMPUNG,PROVINSI,0.0,0.0,15.164326032939128,1
MALUKU,PROVINSI MALUKU,PROVINSI,107.68874758133691,10.579758380827267,19.278623958272213,1
MALUKU UTARA,PROVINSI MALUKU UTARA,PROVINSI,103.82098393669892,10.861465372753536,11.888098211876986,1
NUSA TENGGARA BARAT,PROVINSI NUSA TENGGARA BARAT,PROVINSI,110.41844690913555,11.981520325112687,17.6375757400409,1
NUSA TENGGARA TIMUR,PROVINSI NUSA TENGGARA TIMUR,PROVINSI,108.42803409404766,11.178902100148282,19.995326560933822,1
PAPUA,PROVINSI PAPUA,PROVINSI,109.83443049892887,2.514322426613802,12.71721086925572,1
PAPUA BARAT,PROVINSI PAPUA BARAT,PROVINSI,107.38942310370085,4.695660860090089,9.485154079283685,1
RIAU,PROVINSI RIAU,PROVINSI,0.0,0.0,0.0751001506817123,1
SULAWESI BARAT,PROVINSI SULAWESI BARAT,PROVINSI,110.32170286815915,8.358894844207661,17.50137203787694,1
SULAWESI SELATAN,PROVINSI SULAWESI SELATAN,PROVINSI,98.76562390812663,7.409384545336847,18.088376699909677,1
SULAWESI TENGAH,PROVINSI SULAWESI TENGAH,PROVINSI,108.98117353715064,6.890671967673308,18.00630083041652,1
SULAWESI TENGGARA,PROVINSI SULAWESI TENGGARA,PROVINSI,124.13360519709067,9.970097829363038,16.342267830723703,1
SULAWESI UTARA,PROVINSI SULAWESI UTARA,PROVINSI,95.43843079271454,12.338851255877149,20.324229858509888,1
SUMATERA BARAT,PROVINSI SUMATERA BARAT,PROVINSI,104.72631183668852,7.055440106818364,19.173998270901407,1
SUMATERA SELATAN,PROVINSI SUMATERA SELATAN,PROVINSI,98.62560945467955,5.875529658094269,14.461321885335604,1
SUMATERA UTARA,PROVINSI SUMATERA UTARA,PROVINSI,105.31152088129714,9.490693460853127,14.8780016388453,1
